task_id,task_type,weather,operator_skill,machine_age_yrs,estimated_time_min,actual_time_min
TH0001,Trenching,Muddy,Expert,4,70,81
TH0002,Grading,Rainy,Expert,2,63,66
TH0003,Grading,Sunny,Expert,4,69,56
TH0004,Hauling,Rainy,Beginner,6,53,84
TH0005,Trenching,Sunny,Beginner,4,77,95
TH0006,Trenching,Rainy,Intermediate,1,86,104
TH0007,Grading,Rainy,Intermediate,7,57,75
TH0008,Hauling,Sunny,Intermediate,2,53,55
TH0009,Grading,Muddy,Intermediate,5,43,62
TH0010,Loading,Rainy,Expert,5,41,38
TH0011,Loading,Sunny,Intermediate,6,60,59
TH0012,Loading,Rainy,Expert,5,54,54
TH0013,Trenching,Rainy,Intermediate,4,64,76
TH0014,Grading,Sunny,Expert,1,74,55
TH0015,Excavation,Rainy,Beginner,7,85,137
TH0016,Hauling,Windy,Expert,6,51,49
TH0017,Grading,Rainy,Expert,7,53,62
TH0018,Grading,Rainy,Beginner,5,52,86
TH0019,Grading,Sunny,Intermediate,3,71,68
TH0020,Hauling,Rainy,Intermediate,4,31,42
TH0021,Grading,Rainy,Expert,5,45,44
TH0022,Trenching,Windy,Beginner,7,77,108
TH0023,Excavation,Sunny,Intermediate,3,71,75
TH0024,Excavation,Sunny,Beginner,4,71,86
TH0025,Excavation,Rainy,Intermediate,1,86,108
TH0026,Excavation,Sunny,Intermediate,5,56,57
TH0027,Loading,Windy,Expert,3,53,49
TH0028,Loading,Sunny,Intermediate,4,30,29
TH0029,Excavation,Sunny,Expert,4,88,81
TH0030,Trenching,Sunny,Expert,1,66,47
TH0031,Hauling,Rainy,Beginner,6,35,59
TH0032,Excavation,Sunny,Beginner,4,73,92
TH0033,Grading,Rainy,Intermediate,1,65,75
TH0034,Trenching,Muddy,Expert,4,88,104
TH0035,Loading,Windy,Intermediate,3,47,54
TH0036,Loading,Muddy,Intermediate,2,46,58
TH0037,Loading,Muddy,Expert,4,56,64
TH0038,Grading,Windy,Beginner,2,63,80
TH0039,Excavation,Rainy,Intermediate,4,80,104
TH0040,Grading,Sunny,Intermediate,1,64,65
TH0041,Hauling,Sunny,Expert,5,46,40
TH0042,Trenching,Windy,Intermediate,6,70,80
TH0043,Trenching,Sunny,Expert,7,52,49
TH0044,Trenching,Rainy,Beginner,7,71,123
TH0045,Hauling,Rainy,Expert,1,51,53
TH0046,Trenching,Rainy,Intermediate,4,97,131
TH0047,Grading,Rainy,Intermediate,4,56,72
TH0048,Hauling,Windy,Intermediate,4,48,54
TH0049,Hauling,Sunny,Expert,7,27,20
TH0050,Excavation,Sunny,Expert,3,86,70
TH0051,Loading,Muddy,Expert,5,44,56
TH0052,Excavation,Windy,Intermediate,1,83,89
TH0053,Hauling,Sunny,Beginner,1,42,51
TH0054,Hauling,Sunny,Expert,4,38,46
TH0055,Trenching,Windy,Expert,5,81,75
TH0056,Excavation,Sunny,Beginner,5,66,83
TH0057,Excavation,Sunny,Beginner,7,87,112
TH0058,Hauling,Sunny,Expert,7,28,21
TH0059,Hauling,Sunny,Beginner,7,32,34
TH0060,Excavation,Sunny,Beginner,2,70,84
TH0061,Hauling,Sunny,Intermediate,7,33,33
TH0062,Loading,Sunny,Expert,4,59,50
TH0063,Excavation,Rainy,Expert,3,60,72
TH0064,Hauling,Rainy,Intermediate,1,36,45
TH0065,Loading,Sunny,Expert,6,54,45
TH0066,Excavation,Sunny,Intermediate,4,56,55
TH0067,Loading,Windy,Expert,7,33,31
TH0068,Loading,Rainy,Expert,2,31,28
TH0069,Trenching,Sunny,Beginner,1,81,97
TH0070,Trenching,Rainy,Intermediate,5,98,132
TH0071,Trenching,Rainy,Intermediate,4,61,84
TH0072,Excavation,Windy,Expert,2,47,38
TH0073,Excavation,Muddy,Beginner,1,88,141
TH0074,Loading,Sunny,Expert,1,52,40
TH0075,Excavation,Rainy,Beginner,5,70,108
TH0076,Trenching,Rainy,Expert,4,60,62
TH0077,Hauling,Sunny,Intermediate,4,53,50
TH0078,Excavation,Rainy,Beginner,3,79,121
TH0079,Trenching,Sunny,Intermediate,4,73,74
TH0080,Trenching,Sunny,Intermediate,3,84,87
TH0081,Excavation,Sunny,Intermediate,6,64,64
TH0082,Grading,Sunny,Intermediate,2,58,60
TH0083,Trenching,Sunny,Intermediate,1,96,97
TH0084,Hauling,Windy,Intermediate,4,49,62
TH0085,Hauling,Muddy,Beginner,7,38,60
TH0086,Hauling,Sunny,Expert,7,36,38
TH0087,Excavation,Windy,Intermediate,4,82,92
TH0088,Loading,Sunny,Beginner,5,34,41
TH0089,Hauling,Sunny,Beginner,4,40,50
TH0090,Hauling,Windy,Beginner,2,55,72
TH0091,Grading,Windy,Beginner,7,66,91
TH0092,Grading,Sunny,Expert,2,59,44
TH0093,Trenching,Windy,Intermediate,7,50,54
TH0094,Excavation,Sunny,Intermediate,3,77,79
TH0095,Hauling,Muddy,Expert,4,46,57
TH0096,Excavation,Rainy,Intermediate,3,58,70
TH0097,Excavation,Rainy,Beginner,1,60,92
TH0098,Loading,Muddy,Expert,6,41,50
TH0099,Trenching,Sunny,Beginner,2,85,94
TH0100,Loading,Sunny,Expert,3,33,26
TH0101,Grading,Rainy,Intermediate,3,72,98
TH0102,Hauling,Sunny,Beginner,4,30,32
TH0103,Loading,Sunny,Expert,7,54,50
TH0104,Loading,Rainy,Expert,7,53,60
TH0105,Excavation,Windy,Expert,4,55,45
TH0106,Grading,Windy,Intermediate,5,74,88
TH0107,Excavation,Sunny,Intermediate,6,72,75
TH0108,Hauling,Windy,Beginner,5,43,59
TH0109,Excavation,Sunny,Intermediate,6,45,47
TH0110,Excavation,Rainy,Expert,2,75,81
TH0111,Loading,Rainy,Beginner,6,32,56
TH0112,Trenching,Rainy,Intermediate,3,97,124
TH0113,Hauling,Rainy,Expert,1,43,46
TH0114,Loading,Sunny,Expert,5,59,53
TH0115,Grading,Sunny,Expert,2,72,57
TH0116,Loading,Windy,Expert,4,33,36
TH0117,Loading,Muddy,Beginner,3,57,91
TH0118,Grading,Rainy,Beginner,7,62,106
TH0119,Grading,Sunny,Expert,2,43,38
TH0120,Grading,Rainy,Expert,4,58,62
TH0121,Hauling,Sunny,Beginner,4,46,51
TH0122,Loading,Sunny,Beginner,4,56,68
TH0123,Excavation,Sunny,Intermediate,6,74,75
TH0124,Excavation,Sunny,Intermediate,4,79,76
TH0125,Hauling,Muddy,Expert,6,38,41
TH0126,Loading,Windy,Expert,1,36,37
TH0127,Grading,Windy,Expert,5,74,67
TH0128,Hauling,Sunny,Intermediate,3,41,40
TH0129,Loading,Rainy,Intermediate,3,42,59
TH0130,Grading,Rainy,Expert,7,75,88
TH0131,Loading,Rainy,Expert,3,41,43
TH0132,Trenching,Rainy,Expert,1,94,95
TH0133,Hauling,Muddy,Expert,6,45,53
TH0134,Trenching,Windy,Expert,7,58,54
TH0135,Grading,Rainy,Expert,4,75,84
TH0136,Excavation,Rainy,Beginner,1,46,70
TH0137,Grading,Rainy,Beginner,4,44,67
TH0138,Grading,Sunny,Intermediate,3,51,47
TH0139,Excavation,Rainy,Beginner,4,55,86
TH0140,Grading,Sunny,Expert,4,49,43
TH0141,Hauling,Sunny,Expert,4,32,25
TH0142,Hauling,Sunny,Intermediate,1,39,40
TH0143,Grading,Sunny,Intermediate,4,53,52
TH0144,Excavation,Windy,Beginner,2,73,92
TH0145,Grading,Windy,Beginner,4,44,62
TH0146,Trenching,Sunny,Beginner,3,67,77
TH0147,Grading,Rainy,Intermediate,7,54,66
TH0148,Loading,Rainy,Expert,4,48,56
TH0149,Grading,Sunny,Beginner,7,47,57
TH0150,Hauling,Rainy,Intermediate,1,28,36
TH0151,Hauling,Sunny,Intermediate,4,29,27
TH0152,Trenching,Rainy,Beginner,4,59,94
TH0153,Excavation,Sunny,Intermediate,4,68,69
TH0154,Hauling,Rainy,Intermediate,2,37,55
TH0155,Loading,Sunny,Beginner,1,33,33
TH0156,Hauling,Windy,Beginner,4,30,42
TH0157,Loading,Muddy,Beginner,4,37,72
TH0158,Trenching,Rainy,Intermediate,4,53,69
TH0159,Hauling,Muddy,Expert,7,34,40
TH0160,Excavation,Sunny,Expert,3,66,60
TH0161,Grading,Rainy,Expert,4,65,79
TH0162,Hauling,Sunny,Expert,3,34,30
TH0163,Trenching,Windy,Beginner,3,84,115
TH0164,Grading,Muddy,Intermediate,5,66,86
TH0165,Loading,Muddy,Beginner,6,53,89
TH0166,Hauling,Muddy,Intermediate,4,55,78
TH0167,Grading,Rainy,Expert,4,46,50
TH0168,Trenching,Sunny,Expert,3,56,48
TH0169,Excavation,Sunny,Intermediate,1,63,59
TH0170,Excavation,Sunny,Expert,1,62,43
TH0171,Excavation,Windy,Expert,5,72,66
TH0172,Grading,Sunny,Intermediate,4,68,56
TH0173,Grading,Sunny,Beginner,1,73,85
TH0174,Trenching,Windy,Intermediate,4,57,63
TH0175,Excavation,Rainy,Beginner,4,67,106
TH0176,Grading,Windy,Expert,5,74,70
TH0177,Grading,Muddy,Intermediate,4,60,78
TH0178,Loading,Sunny,Intermediate,3,52,48
TH0179,Hauling,Sunny,Beginner,2,53,67
TH0180,Hauling,Sunny,Beginner,7,26,33
TH0181,Grading,Rainy,Intermediate,4,69,93
TH0182,Grading,Muddy,Beginner,2,63,103
TH0183,Excavation,Windy,Expert,1,90,76
TH0184,Loading,Sunny,Intermediate,4,31,31
TH0185,Hauling,Sunny,Intermediate,6,46,43
TH0186,Hauling,Sunny,Expert,4,45,38
TH0187,Loading,Rainy,Beginner,5,46,73
TH0188,Trenching,Sunny,Beginner,6,70,79
TH0189,Grading,Muddy,Beginner,1,73,125
TH0190,Loading,Muddy,Beginner,4,57,101
TH0191,Loading,Sunny,Expert,2,51,41
TH0192,Trenching,Windy,Expert,1,89,80
TH0193,Grading,Sunny,Intermediate,1,74,71
TH0194,Hauling,Rainy,Beginner,2,39,62
TH0195,Trenching,Sunny,Intermediate,1,66,73
TH0196,Loading,Rainy,Expert,4,38,41
TH0197,Excavation,Sunny,Intermediate,3,87,83
TH0198,Grading,Windy,Expert,2,69,71
TH0199,Loading,Sunny,Expert,2,56,46
TH0200,Trenching,Rainy,Expert,1,57,61
TH0201,Hauling,Windy,Expert,6,40,37
TH0202,Excavation,Rainy,Beginner,3,89,141
TH0203,Loading,Sunny,Beginner,4,36,37
TH0204,Hauling,Windy,Beginner,4,32,42
TH0205,Loading,Sunny,Expert,7,59,52
TH0206,Grading,Windy,Intermediate,6,70,78
TH0207,Grading,Rainy,Expert,1,65,67
TH0208,Excavation,Rainy,Beginner,3,57,89
TH0209,Loading,Rainy,Beginner,2,59,87
TH0210,Loading,Sunny,Intermediate,4,42,34
TH0211,Loading,Muddy,Beginner,1,36,68
TH0212,Trenching,Muddy,Beginner,6,74,128
TH0213,Trenching,Windy,Intermediate,1,94,95
TH0214,Trenching,Windy,Expert,3,97,86
TH0215,Excavation,Muddy,Intermediate,7,68,97
TH0216,Trenching,Sunny,Expert,7,95,87
TH0217,Grading,Muddy,Expert,3,46,54
TH0218,Hauling,Windy,Beginner,1,26,36
TH0219,Excavation,Sunny,Intermediate,5,47,50
TH0220,Excavation,Rainy,Intermediate,5,86,115
TH0221,Grading,Windy,Intermediate,4,42,45
TH0222,Hauling,Rainy,Intermediate,2,38,50
TH0223,Hauling,Sunny,Intermediate,4,27,27
TH0224,Grading,Muddy,Beginner,3,54,85
TH0225,Excavation,Rainy,Expert,4,59,64
TH0226,Hauling,Sunny,Expert,4,41,32
TH0227,Loading,Rainy,Beginner,5,32,56
TH0228,Grading,Windy,Intermediate,6,63,68
TH0229,Grading,Windy,Intermediate,1,52,57
TH0230,Loading,Sunny,Beginner,2,36,46
TH0231,Hauling,Windy,Beginner,3,43,56
TH0232,Loading,Windy,Intermediate,5,42,50
TH0233,Grading,Muddy,Intermediate,4,70,97
TH0234,Grading,Windy,Beginner,3,71,96
TH0235,Loading,Sunny,Expert,4,51,44
TH0236,Loading,Muddy,Intermediate,2,51,71
TH0237,Excavation,Rainy,Intermediate,6,70,100
TH0238,Trenching,Windy,Intermediate,4,60,64
TH0239,Excavation,Sunny,Beginner,1,67,73
TH0240,Hauling,Muddy,Beginner,4,33,55
TH0241,Hauling,Rainy,Intermediate,4,26,31
TH0242,Grading,Sunny,Intermediate,6,67,72
TH0243,Hauling,Muddy,Expert,1,44,44
TH0244,Grading,Sunny,Beginner,2,54,62
TH0245,Loading,Sunny,Intermediate,3,53,56
TH0246,Grading,Muddy,Intermediate,3,68,93
TH0247,Hauling,Sunny,Expert,2,31,22
TH0248,Hauling,Muddy,Beginner,1,44,73
TH0249,Excavation,Sunny,Intermediate,3,88,89
TH0250,Excavation,Sunny,Beginner,6,46,53
TH0251,Grading,Muddy,Intermediate,4,60,83
TH0252,Grading,Rainy,Intermediate,2,47,57
TH0253,Grading,Rainy,Expert,3,56,61
TH0254,Trenching,Windy,Beginner,4,81,107
TH0255,Loading,Sunny,Expert,3,30,23
TH0256,Loading,Muddy,Beginner,6,55,100
TH0257,Loading,Windy,Beginner,7,41,59
TH0258,Grading,Windy,Intermediate,6,48,52
TH0259,Excavation,Windy,Expert,4,72,65
TH0260,Grading,Rainy,Intermediate,4,43,59
TH0261,Loading,Windy,Beginner,7,38,53
TH0262,Loading,Sunny,Intermediate,2,42,37
TH0263,Excavation,Windy,Beginner,1,90,113
TH0264,Hauling,Rainy,Beginner,2,42,63
TH0265,Loading,Rainy,Expert,4,53,58
TH0266,Loading,Sunny,Beginner,7,44,57
TH0267,Excavation,Windy,Intermediate,6,65,78
TH0268,Trenching,Rainy,Intermediate,2,73,95
TH0269,Loading,Windy,Intermediate,2,55,59
TH0270,Loading,Rainy,Intermediate,6,36,54
TH0271,Loading,Muddy,Beginner,6,58,104
TH0272,Hauling,Windy,Beginner,5,32,40
TH0273,Trenching,Muddy,Intermediate,5,93,133
TH0274,Hauling,Windy,Intermediate,6,46,45
TH0275,Trenching,Sunny,Expert,7,74,63
TH0276,Excavation,Sunny,Intermediate,2,46,46
TH0277,Grading,Rainy,Intermediate,4,51,61
TH0278,Grading,Sunny,Beginner,4,49,59
TH0279,Trenching,Windy,Intermediate,4,69,79
TH0280,Excavation,Sunny,Intermediate,2,87,86
TH0281,Hauling,Sunny,Expert,3,41,33
TH0282,Trenching,Rainy,Intermediate,5,63,89
TH0283,Loading,Sunny,Expert,2,55,48
TH0284,Hauling,Sunny,Beginner,6,36,45
TH0285,Loading,Sunny,Expert,4,56,51
TH0286,Grading,Rainy,Beginner,2,62,96
TH0287,Hauling,Sunny,Expert,5,52,46
TH0288,Hauling,Muddy,Expert,3,47,52
TH0289,Loading,Sunny,Expert,5,46,40
TH0290,Excavation,Sunny,Expert,3,90,76
TH0291,Trenching,Rainy,Beginner,7,65,109
TH0292,Excavation,Sunny,Expert,5,50,46
TH0293,Excavation,Windy,Intermediate,4,57,65
TH0294,Excavation,Sunny,Expert,4,82,74
TH0295,Trenching,Rainy,Beginner,5,67,106
TH0296,Hauling,Windy,Expert,6,46,47
TH0297,Excavation,Sunny,Intermediate,2,51,43
TH0298,Hauling,Sunny,Intermediate,4,41,45
TH0299,Grading,Sunny,Beginner,1,74,89
TH0300,Loading,Rainy,Beginner,4,55,83
TH0301,Loading,Rainy,Expert,4,55,54
TH0302,Trenching,Rainy,Intermediate,6,95,127
TH0303,Loading,Windy,Expert,7,40,38
TH0304,Grading,Sunny,Intermediate,4,52,54
TH0305,Grading,Sunny,Intermediate,4,66,67
TH0306,Loading,Rainy,Expert,5,46,53
TH0307,Hauling,Sunny,Intermediate,6,35,34
TH0308,Excavation,Rainy,Beginner,4,80,128
TH0309,Trenching,Rainy,Intermediate,6,50,68
TH0310,Grading,Sunny,Beginner,6,60,68
TH0311,Trenching,Sunny,Intermediate,7,59,60
TH0312,Loading,Muddy,Intermediate,5,56,76
TH0313,Hauling,Sunny,Expert,1,28,29
TH0314,Loading,Windy,Beginner,3,52,67
TH0315,Loading,Sunny,Intermediate,1,41,38
TH0316,Excavation,Sunny,Expert,7,79,71
TH0317,Trenching,Sunny,Beginner,3,63,74
TH0318,Excavation,Muddy,Beginner,7,65,116
TH0319,Loading,Sunny,Beginner,4,36,48
TH0320,Trenching,Windy,Beginner,4,88,118
TH0321,Hauling,Sunny,Expert,4,25,15
TH0322,Excavation,Sunny,Intermediate,7,48,56
TH0323,Hauling,Rainy,Expert,2,29,31
TH0324,Loading,Rainy,Beginner,1,51,75
TH0325,Loading,Muddy,Expert,6,46,56
TH0326,Trenching,Sunny,Beginner,2,54,65
TH0327,Hauling,Rainy,Intermediate,7,40,48
TH0328,Trenching,Sunny,Expert,2,52,36
TH0329,Hauling,Sunny,Beginner,4,46,61
TH0330,Hauling,Sunny,Beginner,5,32,40
TH0331,Excavation,Rainy,Beginner,2,78,117
TH0332,Excavation,Sunny,Intermediate,3,45,41
TH0333,Grading,Windy,Intermediate,5,43,50
TH0334,Trenching,Windy,Beginner,2,96,132
TH0335,Excavation,Sunny,Expert,4,79,68
TH0336,Grading,Windy,Intermediate,6,48,62
TH0337,Hauling,Sunny,Expert,1,42,34
TH0338,Loading,Windy,Intermediate,4,51,59
TH0339,Excavation,Muddy,Intermediate,6,60,84
TH0340,Grading,Muddy,Beginner,3,52,89
TH0341,Hauling,Sunny,Expert,5,28,26
TH0342,Trenching,Sunny,Intermediate,5,78,80
TH0343,Trenching,Windy,Expert,2,72,65
TH0344,Loading,Rainy,Expert,4,60,70
TH0345,Excavation,Sunny,Intermediate,1,65,61
TH0346,Grading,Sunny,Intermediate,2,43,40
TH0347,Excavation,Sunny,Intermediate,4,80,72
TH0348,Hauling,Windy,Beginner,7,51,75
TH0349,Trenching,Rainy,Intermediate,4,71,91
TH0350,Hauling,Windy,Beginner,4,31,38
TH0351,Hauling,Sunny,Expert,5,42,32
TH0352,Hauling,Muddy,Intermediate,3,27,39
TH0353,Excavation,Rainy,Expert,2,70,76
TH0354,Grading,Sunny,Intermediate,4,60,56
TH0355,Loading,Windy,Intermediate,4,46,53
TH0356,Loading,Sunny,Intermediate,5,47,49
TH0357,Loading,Sunny,Expert,4,57,53
TH0358,Grading,Rainy,Intermediate,7,56,80
TH0359,Trenching,Rainy,Beginner,4,81,128
TH0360,Hauling,Sunny,Intermediate,1,25,25
TH0361,Hauling,Windy,Beginner,4,41,51
TH0362,Grading,Muddy,Beginner,7,67,116
TH0363,Grading,Sunny,Expert,4,69,56
TH0364,Trenching,Windy,Expert,4,89,83
TH0365,Excavation,Muddy,Expert,1,80,95
TH0366,Excavation,Muddy,Intermediate,6,54,80
TH0367,Hauling,Sunny,Expert,5,46,42
TH0368,Trenching,Sunny,Beginner,7,66,84
TH0369,Loading,Sunny,Intermediate,4,56,49
TH0370,Loading,Muddy,Intermediate,4,41,61
TH0371,Grading,Windy,Expert,4,74,65
TH0372,Excavation,Sunny,Expert,4,57,52
TH0373,Hauling,Muddy,Expert,6,31,41
TH0374,Excavation,Muddy,Expert,5,73,84
TH0375,Hauling,Windy,Expert,7,39,42
TH0376,Hauling,Sunny,Expert,4,25,21
TH0377,Grading,Sunny,Beginner,7,68,88
TH0378,Excavation,Windy,Expert,5,60,54
TH0379,Excavation,Windy,Beginner,3,48,64
TH0380,Loading,Rainy,Intermediate,5,50,63
TH0381,Grading,Sunny,Intermediate,4,52,58
TH0382,Loading,Windy,Beginner,2,46,70
TH0383,Excavation,Muddy,Intermediate,2,55,77
TH0384,Grading,Muddy,Intermediate,7,43,64
TH0385,Trenching,Windy,Beginner,1,75,93
TH0386,Hauling,Sunny,Intermediate,2,49,42
TH0387,Hauling,Sunny,Intermediate,7,28,36
TH0388,Hauling,Rainy,Intermediate,2,28,35
TH0389,Loading,Rainy,Beginner,7,57,94
TH0390,Grading,Sunny,Beginner,6,70,93
TH0391,Trenching,Rainy,Intermediate,6,98,127
TH0392,Trenching,Sunny,Intermediate,2,94,92
TH0393,Excavation,Sunny,Intermediate,2,71,72
TH0394,Loading,Rainy,Intermediate,2,58,76
TH0395,Loading,Sunny,Intermediate,6,59,67
TH0396,Grading,Sunny,Expert,1,74,63
TH0397,Loading,Windy,Expert,2,46,44
TH0398,Trenching,Sunny,Intermediate,6,88,91
TH0399,Loading,Muddy,Expert,3,33,36
TH0400,Trenching,Sunny,Intermediate,7,69,74
TH0401,Excavation,Muddy,Expert,2,86,95
TH0402,Grading,Sunny,Expert,5,55,44
TH0403,Loading,Windy,Beginner,2,38,48
TH0404,Trenching,Rainy,Intermediate,4,53,68
TH0405,Loading,Sunny,Intermediate,6,60,65
TH0406,Grading,Muddy,Intermediate,4,65,88
TH0407,Trenching,Windy,Intermediate,4,70,81
TH0408,Loading,Sunny,Intermediate,1,48,42
TH0409,Excavation,Muddy,Intermediate,4,85,116
TH0410,Excavation,Rainy,Expert,2,87,91
TH0411,Excavation,Windy,Intermediate,3,78,85
TH0412,Excavation,Sunny,Expert,5,66,54
TH0413,Excavation,Rainy,Expert,4,83,88
TH0414,Trenching,Sunny,Beginner,4,100,123
TH0415,Excavation,Sunny,Intermediate,4,64,70
TH0416,Trenching,Rainy,Expert,4,70,77
TH0417,Trenching,Windy,Intermediate,4,77,85
TH0418,Trenching,Rainy,Intermediate,1,55,66
TH0419,Trenching,Rainy,Expert,1,68,66
TH0420,Trenching,Rainy,Expert,2,77,80
TH0421,Excavation,Rainy,Expert,4,53,60
TH0422,Loading,Sunny,Intermediate,6,41,42
TH0423,Loading,Sunny,Beginner,4,32,48
TH0424,Hauling,Windy,Expert,2,54,50
TH0425,Grading,Windy,Intermediate,4,40,45
TH0426,Hauling,Windy,Expert,2,52,47
TH0427,Loading,Sunny,Intermediate,4,56,54
TH0428,Trenching,Windy,Expert,5,54,52
TH0429,Grading,Sunny,Intermediate,2,45,41
TH0430,Grading,Muddy,Intermediate,4,63,92
TH0431,Loading,Windy,Beginner,4,50,66
TH0432,Loading,Sunny,Expert,5,40,40
TH0433,Excavation,Sunny,Beginner,3,49,61
TH0434,Grading,Rainy,Intermediate,4,55,72
TH0435,Loading,Sunny,Expert,4,57,45
TH0436,Trenching,Sunny,Expert,7,72,65
TH0437,Grading,Rainy,Intermediate,7,54,76
TH0438,Trenching,Windy,Intermediate,3,84,88
TH0439,Trenching,Rainy,Expert,1,82,84
TH0440,Trenching,Sunny,Beginner,1,79,89
TH0441,Grading,Sunny,Intermediate,4,63,65
TH0442,Grading,Windy,Beginner,3,67,87
TH0443,Trenching,Muddy,Intermediate,1,68,92
TH0444,Excavation,Sunny,Intermediate,4,69,76
TH0445,Grading,Sunny,Intermediate,1,53,54
TH0446,Excavation,Muddy,Intermediate,4,73,108
TH0447,Excavation,Sunny,Beginner,1,90,106
TH0448,Hauling,Sunny,Expert,1,36,33
TH0449,Excavation,Windy,Intermediate,4,53,62
TH0450,Excavation,Sunny,Intermediate,7,84,90
TH0451,Trenching,Muddy,Intermediate,1,75,99
TH0452,Hauling,Rainy,Intermediate,3,53,66
TH0453,Grading,Sunny,Intermediate,2,67,68
TH0454,Grading,Rainy,Expert,4,73,77
TH0455,Grading,Windy,Intermediate,4,62,72
TH0456,Loading,Sunny,Beginner,5,56,69
TH0457,Grading,Sunny,Intermediate,3,68,76
TH0458,Grading,Sunny,Intermediate,4,52,51
TH0459,Hauling,Sunny,Intermediate,6,32,37
TH0460,Excavation,Sunny,Beginner,1,85,98
TH0461,Excavation,Windy,Intermediate,3,61,66
TH0462,Excavation,Sunny,Beginner,1,57,64
TH0463,Hauling,Sunny,Beginner,2,32,39
TH0464,Trenching,Rainy,Intermediate,4,75,99
TH0465,Trenching,Windy,Expert,3,76,69
TH0466,Trenching,Sunny,Intermediate,5,86,90
TH0467,Grading,Rainy,Expert,2,72,70
TH0468,Excavation,Muddy,Intermediate,5,46,62
TH0469,Grading,Rainy,Beginner,6,57,91
TH0470,Grading,Windy,Beginner,1,55,70
TH0471,Loading,Sunny,Beginner,1,30,35
TH0472,Hauling,Sunny,Intermediate,7,55,55
TH0473,Excavation,Windy,Intermediate,6,72,86
TH0474,Trenching,Rainy,Intermediate,3,87,110
TH0475,Loading,Rainy,Expert,4,32,42
TH0476,Excavation,Sunny,Expert,1,76,57
TH0477,Loading,Sunny,Beginner,2,57,65
TH0478,Trenching,Sunny,Intermediate,4,50,56
TH0479,Excavation,Muddy,Beginner,4,54,97
TH0480,Grading,Sunny,Intermediate,3,44,49
TH0481,Loading,Windy,Expert,2,35,38
TH0482,Hauling,Muddy,Expert,4,51,58
TH0483,Grading,Muddy,Intermediate,5,66,87
TH0484,Grading,Sunny,Expert,6,74,59
TH0485,Trenching,Muddy,Intermediate,3,78,102
TH0486,Trenching,Muddy,Intermediate,3,62,80
TH0487,Loading,Sunny,Expert,1,52,36
TH0488,Hauling,Sunny,Intermediate,4,38,36
TH0489,Trenching,Sunny,Intermediate,2,100,99
TH0490,Hauling,Sunny,Expert,1,28,19
TH0491,Grading,Windy,Beginner,2,57,79
TH0492,Loading,Rainy,Intermediate,4,37,55
TH0493,Trenching,Windy,Expert,2,68,63
TH0494,Loading,Windy,Beginner,4,51,66
TH0495,Grading,Rainy,Expert,3,59,61
TH0496,Excavation,Muddy,Beginner,4,88,150
TH0497,Trenching,Windy,Beginner,7,85,117
TH0498,Grading,Rainy,Intermediate,1,56,67
TH0499,Grading,Windy,Expert,2,43,39
TH0500,Excavation,Sunny,Intermediate,3,77,81
TH0501,Grading,Sunny,Beginner,1,44,60
TH0502,Loading,Rainy,Beginner,1,32,49
TH0503,Loading,Sunny,Expert,4,41,32
TH0504,Excavation,Windy,Beginner,1,52,71
TH0505,Loading,Windy,Intermediate,6,36,41
TH0506,Hauling,Windy,Expert,4,32,29
TH0507,Hauling,Windy,Intermediate,7,25,30
TH0508,Excavation,Windy,Intermediate,6,75,90
TH0509,Grading,Sunny,Beginner,6,52,66
TH0510,Loading,Sunny,Intermediate,5,39,42
TH0511,Trenching,Windy,Expert,5,75,65
TH0512,Trenching,Windy,Beginner,4,72,95
TH0513,Grading,Sunny,Intermediate,4,40,35
TH0514,Hauling,Rainy,Expert,1,49,52
TH0515,Excavation,Sunny,Intermediate,7,67,70
TH0516,Trenching,Rainy,Intermediate,2,81,106
TH0517,Loading,Sunny,Intermediate,4,53,55
TH0518,Trenching,Sunny,Intermediate,4,67,61
TH0519,Trenching,Rainy,Expert,5,83,88
TH0520,Excavation,Sunny,Intermediate,5,73,78
TH0521,Loading,Windy,Beginner,6,46,61
TH0522,Grading,Windy,Beginner,3,66,92
TH0523,Loading,Sunny,Intermediate,5,44,45
TH0524,Trenching,Rainy,Intermediate,5,72,97
TH0525,Loading,Rainy,Intermediate,4,52,71
TH0526,Excavation,Sunny,Intermediate,2,69,72
TH0527,Excavation,Sunny,Beginner,1,56,57
TH0528,Excavation,Rainy,Expert,4,58,63
TH0529,Grading,Sunny,Intermediate,3,52,56
TH0530,Loading,Sunny,Intermediate,6,40,40
TH0531,Excavation,Windy,Intermediate,4,89,96
TH0532,Trenching,Windy,Beginner,2,93,121
TH0533,Hauling,Rainy,Beginner,6,25,39
TH0534,Grading,Rainy,Intermediate,6,49,67
TH0535,Hauling,Sunny,Expert,5,38,34
TH0536,Loading,Sunny,Intermediate,6,39,40
TH0537,Grading,Rainy,Beginner,3,51,79
TH0538,Grading,Windy,Beginner,2,65,86
TH0539,Excavation,Sunny,Intermediate,4,72,72
TH0540,Hauling,Sunny,Intermediate,5,31,32
TH0541,Trenching,Rainy,Expert,2,62,68
TH0542,Hauling,Sunny,Intermediate,4,27,30
TH0543,Hauling,Sunny,Expert,5,52,42
TH0544,Trenching,Sunny,Beginner,4,58,71
TH0545,Hauling,Rainy,Intermediate,5,35,41
TH0546,Trenching,Rainy,Intermediate,5,74,95
TH0547,Loading,Sunny,Beginner,1,42,51
TH0548,Trenching,Rainy,Intermediate,3,96,126
TH0549,Trenching,Sunny,Beginner,2,96,115
TH0550,Loading,Sunny,Expert,2,49,39
TH0551,Excavation,Sunny,Beginner,3,82,94
TH0552,Hauling,Muddy,Expert,6,30,37
TH0553,Loading,Rainy,Beginner,6,35,52
TH0554,Grading,Rainy,Intermediate,4,50,64
TH0555,Hauling,Rainy,Beginner,3,40,62
TH0556,Grading,Muddy,Intermediate,2,50,76
TH0557,Hauling,Sunny,Beginner,7,47,57
TH0558,Excavation,Muddy,Expert,4,46,59
TH0559,Loading,Windy,Beginner,4,59,77
TH0560,Excavation,Rainy,Intermediate,1,64,82
TH0561,Loading,Windy,Beginner,2,38,52
TH0562,Trenching,Muddy,Beginner,7,92,166
TH0563,Hauling,Sunny,Expert,5,47,39
TH0564,Hauling,Sunny,Beginner,2,37,45
TH0565,Hauling,Sunny,Intermediate,6,48,62
TH0566,Excavation,Rainy,Intermediate,4,74,91
TH0567,Grading,Sunny,Intermediate,1,65,67
TH0568,Trenching,Sunny,Expert,1,67,52
TH0569,Trenching,Windy,Intermediate,5,75,79
TH0570,Excavation,Sunny,Intermediate,3,66,66
TH0571,Loading,Rainy,Intermediate,4,33,37
TH0572,Grading,Sunny,Beginner,1,58,75
TH0573,Hauling,Sunny,Intermediate,7,50,52
TH0574,Trenching,Windy,Intermediate,7,99,118
TH0575,Trenching,Sunny,Expert,3,97,84
TH0576,Trenching,Rainy,Intermediate,5,64,82
TH0577,Grading,Rainy,Beginner,7,63,107
TH0578,Loading,Windy,Expert,3,46,45
TH0579,Hauling,Sunny,Intermediate,4,29,33
TH0580,Excavation,Sunny,Intermediate,2,50,41
TH0581,Hauling,Windy,Expert,7,31,26
TH0582,Grading,Windy,Beginner,7,43,57
TH0583,Trenching,Sunny,Beginner,7,85,111
TH0584,Loading,Sunny,Expert,3,45,39
TH0585,Grading,Sunny,Intermediate,6,75,83
TH0586,Excavation,Sunny,Intermediate,7,86,84
TH0587,Loading,Sunny,Expert,7,59,54
TH0588,Loading,Rainy,Intermediate,2,45,57
TH0589,Trenching,Rainy,Expert,4,87,97
TH0590,Grading,Sunny,Intermediate,7,63,69
TH0591,Loading,Rainy,Intermediate,1,35,44
TH0592,Hauling,Windy,Intermediate,5,51,59
TH0593,Excavation,Sunny,Beginner,6,64,85
TH0594,Hauling,Muddy,Intermediate,3,27,41
TH0595,Loading,Sunny,Intermediate,5,46,47
TH0596,Trenching,Rainy,Beginner,6,82,135
TH0597,Excavation,Rainy,Expert,3,49,55
TH0598,Hauling,Muddy,Beginner,1,36,60
TH0599,Grading,Windy,Intermediate,2,70,72
TH0600,Grading,Rainy,Expert,7,53,56
TH0601,Grading,Windy,Intermediate,1,57,58
TH0602,Excavation,Rainy,Expert,1,49,49
TH0603,Grading,Sunny,Beginner,3,44,51
TH0604,Grading,Sunny,Expert,4,58,54
TH0605,Hauling,Sunny,Intermediate,2,25,29
TH0606,Grading,Windy,Expert,2,68,66
TH0607,Loading,Muddy,Intermediate,3,37,51
TH0608,Excavation,Sunny,Beginner,4,72,86
TH0609,Excavation,Windy,Beginner,2,85,112
TH0610,Grading,Rainy,Expert,3,74,74
TH0611,Loading,Sunny,Beginner,6,51,65
TH0612,Grading,Sunny,Beginner,2,66,75
TH0613,Excavation,Sunny,Beginner,2,79,90
TH0614,Loading,Windy,Beginner,7,56,82
TH0615,Loading,Rainy,Beginner,3,56,89
TH0616,Hauling,Sunny,Beginner,5,49,56
TH0617,Loading,Rainy,Beginner,1,45,63
TH0618,Hauling,Sunny,Intermediate,4,28,33
TH0619,Excavation,Rainy,Beginner,3,54,88
TH0620,Loading,Windy,Beginner,4,35,46
TH0621,Excavation,Rainy,Beginner,5,79,128
TH0622,Trenching,Sunny,Intermediate,1,75,73
TH0623,Grading,Rainy,Intermediate,1,59,75
TH0624,Hauling,Windy,Intermediate,7,55,60
TH0625,Excavation,Sunny,Expert,1,78,63
TH0626,Grading,Sunny,Intermediate,1,55,51
TH0627,Loading,Sunny,Intermediate,5,47,50
TH0628,Grading,Sunny,Expert,6,42,38
TH0629,Loading,Rainy,Intermediate,4,56,70
TH0630,Loading,Sunny,Beginner,1,54,64
TH0631,Excavation,Windy,Intermediate,6,81,97
TH0632,Hauling,Sunny,Beginner,1,51,62
TH0633,Trenching,Windy,Expert,2,99,92
TH0634,Trenching,Sunny,Beginner,4,60,74
TH0635,Loading,Sunny,Intermediate,6,36,37
TH0636,Trenching,Sunny,Intermediate,7,52,52
TH0637,Loading,Sunny,Beginner,6,50,65
TH0638,Grading,Windy,Intermediate,1,74,75
TH0639,Trenching,Sunny,Intermediate,2,76,85
TH0640,Hauling,Windy,Beginner,2,48,68
TH0641,Excavation,Windy,Intermediate,4,49,51
TH0642,Loading,Sunny,Intermediate,3,50,45
TH0643,Hauling,Sunny,Beginner,4,27,34
TH0644,Hauling,Rainy,Intermediate,2,47,52
TH0645,Grading,Sunny,Beginner,3,68,74
TH0646,Trenching,Sunny,Intermediate,4,66,63
TH0647,Hauling,Windy,Beginner,2,42,57
TH0648,Excavation,Sunny,Beginner,1,58,62
TH0649,Loading,Sunny,Beginner,2,31,46
TH0650,Grading,Sunny,Expert,4,48,42
TH0651,Excavation,Sunny,Beginner,1,54,69
TH0652,Hauling,Rainy,Beginner,4,46,71
TH0653,Excavation,Rainy,Intermediate,4,73,96
TH0654,Excavation,Sunny,Expert,5,47,40
TH0655,Loading,Rainy,Expert,3,46,53
TH0656,Grading,Rainy,Expert,1,71,75
TH0657,Loading,Sunny,Intermediate,6,57,63
TH0658,Hauling,Windy,Intermediate,1,36,41
TH0659,Grading,Sunny,Intermediate,6,68,72
TH0660,Hauling,Rainy,Expert,6,54,59
TH0661,Excavation,Windy,Beginner,4,46,65
TH0662,Trenching,Windy,Intermediate,3,98,100
TH0663,Hauling,Rainy,Beginner,7,44,69
TH0664,Grading,Windy,Intermediate,1,50,51
TH0665,Loading,Sunny,Expert,6,46,45
TH0666,Loading,Windy,Intermediate,2,37,35
TH0667,Excavation,Rainy,Expert,4,89,101
TH0668,Trenching,Sunny,Expert,1,93,71
TH0669,Hauling,Sunny,Intermediate,7,52,51
TH0670,Grading,Sunny,Beginner,2,61,72
TH0671,Loading,Sunny,Beginner,4,37,41
TH0672,Hauling,Sunny,Beginner,2,35,43
TH0673,Excavation,Rainy,Expert,2,70,76
TH0674,Excavation,Sunny,Beginner,3,47,57
TH0675,Grading,Rainy,Intermediate,6,71,97
TH0676,Hauling,Rainy,Intermediate,6,34,42
TH0677,Hauling,Windy,Intermediate,4,47,55
TH0678,Excavation,Sunny,Intermediate,4,66,69
TH0679,Hauling,Windy,Beginner,7,29,44
TH0680,Excavation,Windy,Expert,4,73,69
TH0681,Hauling,Windy,Expert,4,35,35
TH0682,Grading,Muddy,Beginner,1,66,111
TH0683,Grading,Rainy,Intermediate,1,50,66
TH0684,Grading,Sunny,Expert,1,61,47
TH0685,Loading,Windy,Intermediate,4,52,59
TH0686,Grading,Muddy,Expert,4,49,61
TH0687,Grading,Rainy,Beginner,1,41,59
TH0688,Trenching,Rainy,Intermediate,4,60,83
TH0689,Loading,Sunny,Expert,7,56,41
TH0690,Loading,Rainy,Intermediate,5,49,60
TH0691,Excavation,Rainy,Expert,1,62,63
TH0692,Grading,Rainy,Intermediate,6,49,66
TH0693,Grading,Windy,Intermediate,2,40,45
TH0694,Loading,Rainy,Expert,2,47,47
TH0695,Excavation,Rainy,Expert,6,64,72
TH0696,Loading,Sunny,Expert,4,46,41
TH0697,Loading,Muddy,Beginner,1,37,61
TH0698,Trenching,Sunny,Expert,5,79,65
TH0699,Excavation,Rainy,Intermediate,7,60,84
TH0700,Hauling,Muddy,Expert,4,51,66
TH0701,Hauling,Windy,Intermediate,1,43,47
TH0702,Hauling,Sunny,Intermediate,2,31,31
TH0703,Hauling,Muddy,Intermediate,3,34,45
TH0704,Trenching,Sunny,Intermediate,5,87,88
TH0705,Loading,Sunny,Expert,2,32,25
TH0706,Hauling,Sunny,Beginner,7,52,65
TH0707,Excavation,Sunny,Intermediate,4,70,69
TH0708,Loading,Windy,Expert,4,35,34
TH0709,Loading,Rainy,Expert,1,41,42
TH0710,Excavation,Sunny,Beginner,3,86,98
TH0711,Hauling,Sunny,Intermediate,6,37,41
TH0712,Trenching,Windy,Beginner,7,64,83
TH0713,Hauling,Muddy,Intermediate,4,44,62
TH0714,Hauling,Windy,Beginner,1,52,66
TH0715,Excavation,Windy,Expert,4,83,83
TH0716,Hauling,Windy,Intermediate,4,30,32
TH0717,Grading,Windy,Beginner,6,70,99
TH0718,Excavation,Windy,Beginner,7,82,116
TH0719,Trenching,Sunny,Beginner,2,52,64
TH0720,Hauling,Rainy,Intermediate,4,54,68
TH0721,Excavation,Windy,Beginner,5,47,64
TH0722,Grading,Windy,Expert,6,64,64
TH0723,Excavation,Sunny,Expert,5,64,52
TH0724,Hauling,Rainy,Beginner,5,41,62
TH0725,Trenching,Sunny,Intermediate,6,85,81
TH0726,Excavation,Sunny,Expert,5,71,59
TH0727,Hauling,Muddy,Expert,4,51,61
TH0728,Hauling,Rainy,Intermediate,4,40,51
TH0729,Loading,Windy,Intermediate,6,36,41
TH0730,Loading,Sunny,Expert,6,50,46
TH0731,Excavation,Rainy,Intermediate,7,53,77
TH0732,Hauling,Sunny,Intermediate,6,25,25
TH0733,Excavation,Sunny,Beginner,7,45,60
TH0734,Excavation,Sunny,Intermediate,4,58,61
TH0735,Excavation,Rainy,Expert,1,56,63
TH0736,Grading,Windy,Intermediate,3,71,76
TH0737,Loading,Rainy,Expert,4,52,56
TH0738,Hauling,Windy,Beginner,6,32,47
TH0739,Excavation,Sunny,Beginner,1,68,82
TH0740,Trenching,Rainy,Beginner,1,87,132
TH0741,Trenching,Windy,Intermediate,4,100,104
TH0742,Excavation,Sunny,Beginner,4,76,94
TH0743,Excavation,Windy,Intermediate,2,90,95
TH0744,Grading,Windy,Beginner,5,72,102
TH0745,Trenching,Sunny,Expert,2,87,73
TH0746,Hauling,Sunny,Expert,1,50,36
TH0747,Loading,Muddy,Intermediate,4,37,55
TH0748,Hauling,Sunny,Intermediate,7,27,29
TH0749,Trenching,Windy,Beginner,7,83,116
TH0750,Trenching,Muddy,Intermediate,4,97,139
TH0751,Excavation,Sunny,Expert,6,47,38
TH0752,Excavation,Windy,Expert,6,77,67
TH0753,Trenching,Sunny,Beginner,5,95,114
TH0754,Hauling,Rainy,Beginner,4,30,54
TH0755,Excavation,Sunny,Intermediate,2,71,76
TH0756,Grading,Sunny,Beginner,3,47,60
TH0757,Grading,Windy,Expert,5,68,66
TH0758,Loading,Windy,Beginner,6,40,55
TH0759,Trenching,Sunny,Intermediate,5,62,57
TH0760,Hauling,Sunny,Beginner,6,33,44
TH0761,Loading,Sunny,Expert,7,60,53
TH0762,Hauling,Rainy,Intermediate,3,55,69
TH0763,Loading,Sunny,Expert,7,46,39
TH0764,Excavation,Sunny,Beginner,4,61,76
TH0765,Excavation,Sunny,Beginner,1,90,105
TH0766,Hauling,Sunny,Intermediate,7,45,46
TH0767,Grading,Sunny,Expert,6,62,52
TH0768,Hauling,Sunny,Beginner,6,51,65
TH0769,Loading,Muddy,Intermediate,3,43,58
TH0770,Trenching,Sunny,Beginner,7,92,120
TH0771,Trenching,Rainy,Beginner,1,69,97
TH0772,Trenching,Windy,Intermediate,7,92,111
TH0773,Loading,Sunny,Intermediate,4,35,39
TH0774,Trenching,Rainy,Intermediate,4,75,101
TH0775,Trenching,Rainy,Expert,7,52,59
TH0776,Grading,Sunny,Intermediate,4,41,36
TH0777,Trenching,Muddy,Beginner,4,65,116
TH0778,Loading,Sunny,Expert,4,36,28
TH0779,Trenching,Sunny,Intermediate,4,79,84
TH0780,Trenching,Sunny,Intermediate,6,81,84
TH0781,Loading,Windy,Expert,5,38,38
TH0782,Grading,Rainy,Beginner,1,56,78
TH0783,Trenching,Sunny,Intermediate,3,68,72
TH0784,Grading,Muddy,Intermediate,6,50,68
TH0785,Hauling,Muddy,Beginner,3,52,87
TH0786,Loading,Sunny,Intermediate,3,52,47
TH0787,Loading,Rainy,Expert,7,49,48
TH0788,Trenching,Sunny,Expert,4,96,86
TH0789,Excavation,Windy,Beginner,3,90,118
TH0790,Excavation,Sunny,Beginner,2,78,92
TH0791,Loading,Sunny,Expert,4,51,45
TH0792,Trenching,Sunny,Expert,6,60,51
TH0793,Excavation,Sunny,Beginner,4,70,82
TH0794,Loading,Rainy,Intermediate,7,51,66
TH0795,Loading,Sunny,Expert,7,60,56
TH0796,Trenching,Sunny,Intermediate,7,66,62
TH0797,Trenching,Windy,Expert,5,65,57
TH0798,Loading,Rainy,Intermediate,2,58,76
TH0799,Hauling,Windy,Intermediate,7,38,39
TH0800,Hauling,Windy,Intermediate,2,53,58
TH0801,Trenching,Windy,Intermediate,5,71,80
TH0802,Trenching,Rainy,Beginner,7,83,136
TH0803,Hauling,Sunny,Beginner,4,28,31
TH0804,Grading,Rainy,Intermediate,7,54,70
TH0805,Excavation,Sunny,Intermediate,5,62,64
TH0806,Grading,Sunny,Beginner,2,68,80
TH0807,Trenching,Sunny,Beginner,3,91,107
TH0808,Loading,Windy,Beginner,3,50,67
TH0809,Hauling,Rainy,Expert,4,26,22
TH0810,Loading,Sunny,Intermediate,4,45,38
TH0811,Hauling,Sunny,Expert,3,35,34
TH0812,Loading,Rainy,Intermediate,3,40,52
TH0813,Trenching,Sunny,Expert,5,56,50
TH0814,Trenching,Sunny,Expert,5,92,78
TH0815,Grading,Windy,Beginner,5,66,97
TH0816,Loading,Rainy,Intermediate,6,57,81
TH0817,Excavation,Sunny,Beginner,2,86,105
TH0818,Excavation,Rainy,Expert,6,60,62
TH0819,Hauling,Rainy,Intermediate,5,35,47
TH0820,Trenching,Sunny,Beginner,3,59,67
TH0821,Excavation,Sunny,Intermediate,7,46,53
TH0822,Grading,Rainy,Intermediate,6,41,47
TH0823,Hauling,Windy,Expert,2,44,40
TH0824,Loading,Rainy,Expert,5,53,68
TH0825,Loading,Muddy,Beginner,4,35,56
TH0826,Hauling,Muddy,Intermediate,4,25,39
TH0827,Hauling,Rainy,Expert,6,27,33
TH0828,Grading,Muddy,Expert,4,53,59
TH0829,Trenching,Sunny,Intermediate,6,56,59
TH0830,Excavation,Windy,Expert,4,89,82
TH0831,Grading,Sunny,Expert,4,53,42
TH0832,Grading,Sunny,Intermediate,4,52,57
TH0833,Grading,Windy,Expert,3,68,63
TH0834,Loading,Rainy,Intermediate,4,52,64
TH0835,Excavation,Sunny,Intermediate,4,55,53
TH0836,Grading,Windy,Beginner,3,40,53
TH0837,Excavation,Rainy,Intermediate,6,52,66
TH0838,Grading,Windy,Expert,1,51,44
TH0839,Trenching,Windy,Intermediate,7,53,62
TH0840,Hauling,Sunny,Beginner,2,44,52
TH0841,Hauling,Windy,Beginner,4,44,64
TH0842,Grading,Rainy,Intermediate,2,58,82
TH0843,Grading,Rainy,Intermediate,6,50,70
TH0844,Loading,Rainy,Beginner,6,49,81
TH0845,Excavation,Rainy,Intermediate,1,84,100
TH0846,Grading,Muddy,Intermediate,3,51,71
TH0847,Loading,Windy,Beginner,4,34,43
TH0848,Trenching,Sunny,Intermediate,7,95,104
TH0849,Loading,Sunny,Beginner,3,52,61
TH0850,Grading,Muddy,Beginner,3,68,118
